id,name,country_code,country_name,state_province,state_code,city_municipality,city_slug,region,street_address,postal_code,latitude,longitude,contact_number,email,operating_hours,notes,is_active,created_by,updated_by,created_at,updated_at
1,"Container Corporation of the Philippines",PH,Philippines,"Metro Manila",NCR,"Quezon City",quezon-city,"National Capital Region","60 Old Samson Road, Balintawak",1106,14.6560249,121.0098280,3619801,NULL,NULL,paper,1,NULL,NULL,"2026-03-28 04:35:30","2026-03-28 04:35:30"
2,"Envirocycling Fiber Inc. (EFI Sauyo)",PH,Philippines,"Metro Manila",NCR,"Quezon City",quezon-city,"National Capital Region","Manchester Industrial Compound, Nawasa Road, Sauyo, Novaliches",,14.6510546,121.0486254,"0917-801-6955 / 0917-571-4139",NULL,NULL,paper,1,NULL,NULL,"2026-03-28 04:35:30","2026-03-28 04:35:30"
3,"PEMA Plastic Mfg. Corp.",PH,Philippines,"Metro Manila",NCR,"Quezon City",quezon-city,"National Capital Region","80 Mendez Road, Baesa",NULL,14.6689678,121.0139262,"3634593 / 3612844",NULL,NULL,plastic,1,NULL,NULL,"2026-03-28 04:35:30","2026-03-28 04:35:30"
4,"Chemrez, Inc.",PH,Philippines,"Metro Manila",NCR,"Quezon City",quezon-city,"National Capital Region","65 Calle Industries, Bagumbayan",NULL,14.6510546,121.0486254,6350680,NULL,NULL,styrofoam,1,NULL,NULL,"2026-03-28 04:35:30","2026-03-28 04:35:30"
5,"Metalline Enterprises",PH,Philippines,"Metro Manila",NCR,"Quezon City",quezon-city,"National Capital Region","18 Diamond Avenue, Greenheights Subdivision, San Bartolome, Novaliches",1123,14.6510546,121.0486254,4173358,NULL,NULL,metal,1,NULL,NULL,"2026-03-28 04:35:30","2026-03-28 04:35:30"
6,"Linis Ganda MM Fed. of Envt. Multi-Purpose Coop Inc.",PH,Philippines,"Metro Manila",NCR,"Quezon City",quezon-city,"National Capital Region","123-B N. Domingo Street, Cubao",NULL,14.6172816,121.0443829,"7271219 / 09179239742 / 09189030532",NULL,NULL,"all materials",1,NULL,NULL,"2026-03-28 04:35:30","2026-03-28 04:35:30"
7,"Paperland Industrial Corp.",PH,Philippines,"Metro Manila",NCR,"Quezon City",quezon-city,"National Capital Region","Lelland Drive, Balintawak, QC",NULL,14.6510546,121.0486254,361-8531,NULL,NULL,paper,1,NULL,NULL,"2026-03-28 04:35:30","2026-03-28 04:35:30"
8,"Good Samaritan Foundation for the Disadvantaged Unit",PH,Philippines,"Metro Manila",NCR,"Quezon City",quezon-city,"National Capital Region","1-J RM Commercial Arcade, 80 Ramon Magsaysay Boulevard",NULL,14.6510546,121.0486254,7161499,jwalker@tri-isys.com,NULL,"aluminum cans",1,NULL,NULL,"2026-03-28 04:35:30","2026-03-28 04:35:30"
9,"Philippine Recyclers, Inc.",PH,Philippines,"Metro Manila",NCR,"Quezon City",quezon-city,"National Capital Region","Ramcar Center, Roces Avenue, Diliman",NULL,14.6510546,121.0486254,3701000,NULL,NULL,batteries,1,NULL,NULL,"2026-03-28 04:35:30","2026-03-28 04:35:30"
10,"Topline Metals",PH,Philippines,"Metro Manila",NCR,"Quezon City",quezon-city,"National Capital Region","#78 9th Avenue, Murphy",NULL,14.6510546,121.0486254,4214841,NULL,NULL,metal,1,NULL,NULL,"2026-03-28 04:35:30","2026-03-28 04:35:30"
11,"Alliance Foundry Shop & Eng’g Unc",PH,Philippines,"Metro Manila",NCR,"Caloocan City",caloocan-city,"National Capital Region","135 J. Teodoro Street, corner 10th and 11th Avenue",NULL,14.6513480,120.9724002,3611073,NULL,NULL,"bronze metal",1,NULL,NULL,"2026-03-28 04:35:30","2026-03-28 04:35:30"
12,"Asia Paper Industrial Corp.",PH,Philippines,"Metro Manila",NCR,"Caloocan City",caloocan-city,"National Capital Region","62 Gregoria de Jesus Street, Balintawak",NULL,14.6513480,120.9724002,3618151,NULL,NULL,paper,1,NULL,NULL,"2026-03-28 04:35:30","2026-03-28 04:35:30"
13,"Kim Bee Foundry",PH,Philippines,"Metro Manila",NCR,"Caloocan City",caloocan-city,"National Capital Region","329 J. Teodoro Street corner 9th Avenue",NULL,14.6513480,120.9724002,3611173,NULL,NULL,metal,1,NULL,NULL,"2026-03-28 04:35:30","2026-03-28 04:35:30"
14,"Gold Star Foundry",PH,Philippines,"Metro Manila",NCR,"Caloocan City",caloocan-city,"National Capital Region","271 J. Teodoro Street",NULL,14.6487729,120.9829439,2932687,NULL,NULL,metal,1,NULL,NULL,"2026-03-28 04:35:30","2026-03-28 04:35:30"
15,"MH Del Pilar Junk Shop",PH,Philippines,"Metro Manila",NCR,"Caloocan City",caloocan-city,"National Capital Region","120 MH del Pilar",NULL,14.6513480,120.9724002,3624409,NULL,NULL,metal,1,NULL,NULL,"2026-03-28 04:35:30","2026-03-28 04:35:30"
16,"Global Paper Mills",PH,Philippines,"Metro Manila",NCR,Malabon,malabon,"National Capital Region","1000 Gov. E. Pascual Avenue, Potrero",NULL,14.6578504,120.9511261,3612516,NULL,NULL,"paper recycling",1,NULL,NULL,"2026-03-28 04:35:30","2026-03-28 04:35:30"
17,"Liberty Corrugated Boxes Mfg Corp",PH,Philippines,"Metro Manila",NCR,Malabon,malabon,"National Capital Region","40 Gov. Pascual Avenue",NULL,14.6702512,120.9598035,3612541,NULL,NULL,"paper boxes",1,NULL,NULL,"2026-03-28 04:35:30","2026-03-28 04:35:30"
18,"Manila Plastic Products",PH,Philippines,"Metro Manila",NCR,Malabon,malabon,"National Capital Region","26 Gov Pascual Ave, Malabon",NULL,14.6705861,120.9727564,361-2691,NULL,NULL,plastics,1,NULL,NULL,"2026-03-28 04:35:30","2026-03-28 04:35:30"
19,"N.J.Y. Junkshop",PH,Philippines,"Metro Manila",NCR,Malabon,malabon,"National Capital Region","#2 MacArthur Highway, corner Indamaria Street, Potrero",NULL,14.6578504,120.9511261,"5148149 / 09175412288 / 09233581815",NULL,NULL,null,1,NULL,NULL,"2026-03-28 04:35:30","2026-03-28 04:35:30"
20,"Caltex Greenhills Bantay Baterya Project",PH,Philippines,"Metro Manila",NCR,"San Juan",san-juan,"National Capital Region","McKinley Road corner Ortigas Avenue",NULL,14.6044363,121.0299469,"7213152 / 7215795",NULL,NULL,batteries,1,NULL,NULL,"2026-03-28 04:35:30","2026-03-28 04:35:30"
21,"Rolly’s Junk Shop",PH,Philippines,"Metro Manila",NCR,Navotas,navotas,"National Capital Region","1 Capt. Cruz Street, Tanza",NULL,14.6571862,120.9479692,221498,NULL,NULL,null,1,NULL,NULL,"2026-03-28 04:35:30","2026-03-28 04:35:30"
22,SILPLAS,PH,Philippines,Rizal,NULL,"Antipolo City",antipolo-city,CALABARZON,"Marcos Highway, Brgy. Mayamot",NULL,14.5865200,121.1759053,"632-5145080 / 632-7267272",NULL,NULL,"plastic, fabric, electronic parts, rubber scraps",1,NULL,NULL,"2026-03-28 04:35:30","2026-03-28 04:35:30"
23,"Kapalaran Metal Scrap & Junk Shop",PH,Philippines,"Metro Manila",NCR,"Pasay City",pasay-city,"National Capital Region","3001 P. Santos",NULL,14.5393892,121.0115248,8337123,NULL,NULL,"copper, aluminum sheets",1,NULL,NULL,"2026-03-28 04:35:30","2026-03-28 04:35:30"
24,"Pasay Fiber Recovery Inc. (PFRC Pasay)",PH,Philippines,"Metro Manila",NCR,"Pasay City",pasay-city,"National Capital Region","2252 FB Harrison Street",NULL,14.5447377,120.9943889,"0917-536-4916 / 0998-962-4652",NULL,NULL,paper,1,NULL,NULL,"2026-03-28 04:35:30","2026-03-28 04:35:30"
25,"Daily Harvest",PH,Philippines,"Metro Manila",NCR,Manila,manila,"National Capital Region","21 Railroad Street, Port Area",NULL,14.5881186,120.9715447,5274024,NULL,NULL,styrofoam,1,NULL,NULL,"2026-03-28 04:35:30","2026-03-28 04:35:30"
26,"WG & A Philippines",PH,Philippines,"Metro Manila",NCR,Manila,manila,"National Capital Region","G/F Harbour Centre II, 23rd Street corner Railroad, South Harbour, Port Area",NULL,14.5904492,120.9803621,"5274605 / 5276460 / 5272027",hopeinthecan@wgasuperferry.com,NULL,"aluminum cans",1,NULL,NULL,"2026-03-28 04:35:30","2026-03-28 04:35:30"
27,"Philippine Polystyrene Recycling Corp.",PH,Philippines,"Metro Manila",NCR,Manila,manila,"National Capital Region","Room 900-1 Victoria Building, 429 UN Avenue, Ermita",NULL,14.5904492,120.9803621,"5220860 / 5260889 / 5224354",NULL,NULL,"plastic, polystyrene",1,NULL,NULL,"2026-03-28 04:35:30","2026-03-28 04:35:30"
28,"Brgy. Ugong Pasig Livelihood",PH,Philippines,"Metro Manila",NCR,Pasig,pasig,"National Capital Region","F. Legaspi Street, Brgy. Ugong",NULL,14.5605166,121.0764343,"6715961 / 6715956 / 6714071",NULL,NULL,null,1,NULL,NULL,"2026-03-28 04:35:30","2026-03-28 04:35:30"
29,"Cathay Pacific Steel Corp",PH,Philippines,"Metro Manila",NCR,Pasig,pasig,"National Capital Region","25F Galeria Corp Center, EDSA corner Ortigas Avenue",NULL,14.5605166,121.0764343,6338033,NULL,NULL,steel,1,NULL,NULL,"2026-03-28 04:35:30","2026-03-28 04:35:30"
30,"Asahi Glass Phils.",PH,Philippines,"Metro Manila",NCR,Pasig,pasig,"National Capital Region",Pinagbuhatan,NULL,14.5572974,121.0909923,6411982,NULL,NULL,"flat glass",1,NULL,NULL,"2026-03-28 04:35:30","2026-03-28 04:35:30"
31,"Hansson Paper Corp.",PH,Philippines,"Metro Manila",NCR,Pasig,pasig,"National Capital Region","RFM Compound, Barrio Manggahan",NULL,14.5605166,121.0764343,"6462160 / 6462164 / 6462105",NULL,NULL,paper,1,NULL,NULL,"2026-03-28 04:35:30","2026-03-28 04:35:30"
32,"Trans-National Paper Co.",PH,Philippines,"Metro Manila",NCR,Pasig,pasig,"National Capital Region","Room 301-302 Jollibee Center Building, San Miguel Avenue",NULL,14.5605166,121.0764343,"6334213 / 6334218 / 6339492",NULL,NULL,paper,1,NULL,NULL,"2026-03-28 04:35:30","2026-03-28 04:35:30"
33,"Metro Manila Retreaders Inc.",PH,Philippines,"Metro Manila",NCR,Pasig,pasig,"National Capital Region","KM 19 Amang Rodriguez, Manggahan",NULL,14.5963573,121.0892248,"9000061 / 6462185",NULL,NULL,tires,1,NULL,NULL,"2026-03-28 04:35:30","2026-03-28 04:35:30"
34,"Adventure Manufacturing Corp.",PH,Philippines,"Metro Manila",NCR,Valenzuela,valenzuela,"National Capital Region","77-D Pablo Street, Karuhatan",NULL,14.6900093,120.9734876,2920550,NULL,NULL,plastic,1,NULL,NULL,"2026-03-28 04:35:30","2026-03-28 04:35:30"
35,"Interpolymer Corporation",PH,Philippines,"Metro Manila",NCR,Valenzuela,valenzuela,"National Capital Region","016 Cantillion Street, Maysan Village",NULL,14.6916903,120.9694534,"2924878 / 2927726",NULL,NULL,plastic,1,NULL,NULL,"2026-03-28 04:35:30","2026-03-28 04:35:30"
36,"Sunrise Paper Mills",PH,Philippines,"Metro Manila",NCR,Valenzuela,valenzuela,"National Capital Region","3549 Reyes, Valenzuela",NULL,14.6735545,120.9912795,293-3002,NULL,NULL,paper,1,NULL,NULL,"2026-03-28 04:35:30","2026-03-28 04:35:30"
37,"Vanson Paper Industrial",PH,Philippines,"Metro Manila",NCR,Valenzuela,valenzuela,"National Capital Region","150 R. Delfin, Marulas",NULL,14.6707841,120.9862383,2916818,NULL,NULL,paper,1,NULL,NULL,"2026-03-28 04:35:30","2026-03-28 04:35:30"
38,"Marulas Industrial Corporation",PH,Philippines,"Metro Manila",NCR,Valenzuela,valenzuela,"National Capital Region","141 MacArthur Highway, Marulas",NULL,14.6834343,120.9776103,"2918105 to 07",NULL,NULL,"all types of waste except abs/pvc",1,NULL,NULL,"2026-03-28 04:35:30","2026-03-28 04:35:30"
39,"Pacific Plastic Industry",PH,Philippines,"Metro Manila",NCR,Valenzuela,valenzuela,"National Capital Region","7 T. Santiago, Canumay",NULL,14.7064053,120.9850962,"2927831 to 34 / 2921185 / 2927840",NULL,NULL,plastic,1,NULL,NULL,"2026-03-28 04:35:30","2026-03-28 04:35:30"
40,"Pro-Earth Plastic",PH,Philippines,"Metro Manila",NCR,Valenzuela,valenzuela,"National Capital Region","73 Maysan Road",NULL,14.6962170,120.9728245,"2925024 / 2920895",NULL,NULL,plastic,1,NULL,NULL,"2026-03-28 04:35:30","2026-03-28 04:35:30"
41,"Earth Management System",PH,Philippines,"Metro Manila",NCR,Mandaluyong,mandaluyong,"National Capital Region","115 Calbayog Street corner Dr. Fernandez",NULL,14.5774392,121.0338973,"5350564 / 0917-944-4956",NULL,NULL,"segregated and cleaned wastes",1,NULL,NULL,"2026-03-28 04:35:30","2026-03-28 04:35:30"
42,"HMR Super Surplus Bodega",PH,Philippines,"Metro Manila",NCR,Mandaluyong,mandaluyong,"National Capital Region","Pioneer corner Reliance Street",NULL,14.5774392,121.0338973,6340526,NULL,NULL,"electronics, base metals, computer/appliance recycling",1,NULL,NULL,"2026-03-28 04:35:30","2026-03-28 04:35:30"
43,"A. Metal Recycling Corp.",PH,Philippines,"Metro Manila",NCR,Mandaluyong,mandaluyong,"National Capital Region","380 Barangka Drive corner Hinahon Street",NULL,14.5774392,121.0338973,5334719,NULL,NULL,metal,1,NULL,NULL,"2026-03-28 04:35:30","2026-03-28 04:35:30"
44,"Pacific Glass Co.",PH,Philippines,"Metro Manila",NCR,Mandaluyong,mandaluyong,"National Capital Region","Sheridan Street",NULL,14.5779975,121.0570429,6318221,NULL,NULL,glass,1,NULL,NULL,"2026-03-28 04:35:30","2026-03-28 04:35:30"
45,"Synber Manufacturing",PH,Philippines,"Metro Manila",NCR,Parañaque,paranaque,"National Capital Region","Meliton cor Sucat Rd, Parañaque",NULL,14.5008116,120.9915327,825-5356,NULL,NULL,plastics,1,NULL,NULL,"2026-03-28 04:35:30","2026-03-28 04:35:30"
46,"Traqueña Enterprises",PH,Philippines,"Metro Manila",NCR,Parañaque,paranaque,"National Capital Region","2525 Iba Street, East Service Road, Brgy. San Martin de Porres",NULL,14.5008116,120.9915327,8233135,nilojim@traquena.net,NULL,null,1,NULL,NULL,"2026-03-28 04:35:30","2026-03-28 04:35:30"
47,"YGARC Trading Co.",PH,Philippines,"Metro Manila",NCR,Parañaque,paranaque,"National Capital Region","2/F 8434 Perpetua Building, Dr. A. Santos Avenue, Sucat",NULL,14.5008116,120.9915327,"7880102 / 7880156 / 8252077 / 09189183237",NULL,NULL,"ink cartridges",1,NULL,NULL,"2026-03-28 04:35:30","2026-03-28 04:35:30"
48,"Seacom Waste Management and Recycling Corp.",PH,Philippines,"Metro Manila",NCR,Parañaque,paranaque,"National Capital Region","11 Seacom Compound, Sucat Road",NULL,14.5008116,120.9915327,8208146,NULL,NULL,plastic,1,NULL,NULL,"2026-03-28 04:35:30","2026-03-28 04:35:30"
49,"United Pulp and Paper",PH,Philippines,"Metro Manila",NCR,Makati,makati,"National Capital Region","5/F Phinma Plaza, 39 Plaza Drive",NULL,14.5567949,121.0211226,"8700100 / 8700316",NULL,NULL,paper,1,NULL,NULL,"2026-03-28 04:35:30","2026-03-28 04:35:30"
50,"Bacnotan Steel Corp.",PH,Philippines,"Metro Manila",NCR,Makati,makati,"National Capital Region","166 Salcedo Street, Legaspi Village",NULL,14.5567949,121.0211226,8152779,NULL,NULL,"metal/solder waste",1,NULL,NULL,"2026-03-28 04:35:30","2026-03-28 04:35:30"
51,"Milwaukee Industries",PH,Philippines,"Metro Manila",NCR,Makati,makati,"National Capital Region","2155 Pasong Tamo Street",NULL,14.5567949,121.0211226,8103536,NULL,NULL,"metal/solder waste",1,NULL,NULL,"2026-03-28 04:35:30","2026-03-28 04:35:30"
52,"Bataan 2020",PH,Philippines,"Metro Manila",NCR,Makati,makati,"National Capital Region","Room 201 Narra Building, 2276 Pasong Tamo Extension",NULL,14.5595436,121.0477356,8135913,NULL,NULL,paper,1,NULL,NULL,"2026-03-28 04:35:30","2026-03-28 04:35:30"
53,"Trust International Paper Corporation (TIPCO)",PH,Philippines,"Metro Manila",NCR,Makati,makati,"National Capital Region","Rosa Street, Legazpi Village",NULL,14.5578266,121.0172401,8929781,NULL,NULL,paper,1,NULL,NULL,"2026-03-28 04:35:30","2026-03-28 04:35:30"
54,"Shell Bantay Baterya Project (Pasong Tamo)",PH,Philippines,"Metro Manila",NCR,Makati,makati,"National Capital Region","Pasong Tamo",NULL,14.5412372,121.0182853,"8136500 / 8177315",NULL,NULL,batteries,1,NULL,NULL,"2026-03-28 04:35:30","2026-03-28 04:35:30"
55,"Shell Magallanes Bantay Baterya Project",PH,Philippines,"Metro Manila",NCR,Makati,makati,"National Capital Region","South Super, Magallanes",NULL,14.5567949,121.0211226,8527903,NULL,NULL,batteries,1,NULL,NULL,"2026-03-28 04:35:30","2026-03-28 04:35:30"
56,"Arcya Glass Corp.",PH,Philippines,"Metro Manila",NCR,Makati,makati,"National Capital Region","22nd Floor Herrera Tower, 98 Herrera Street corner Valero Street, Salcedo Village",NULL,14.5567949,121.0211226,8450813,NULL,NULL,glass,1,NULL,NULL,"2026-03-28 04:35:30","2026-03-28 04:35:30"
57,"Myrna’s Junk Shop",PH,Philippines,"Metro Manila",NCR,Makati,makati,"National Capital Region","2206 Marconi Street",NULL,14.5518739,121.0036691,8440118,NULL,NULL,"mixed materials",1,NULL,NULL,"2026-03-28 04:35:30","2026-03-28 04:35:30"
58,"Noah’s Paper Mills, Inc.",PH,Philippines,"Metro Manila",NCR,Marikina,marikina,"National Capital Region","Southeast Marcos Bridge, Marcos Highway, Calumpang",NULL,14.6331084,121.0993541,"6455684 / 6455678",NULL,NULL,paper,1,NULL,NULL,"2026-03-28 04:35:30","2026-03-28 04:35:30"
59,"Metro Recapping Inc.",PH,Philippines,"Metro Manila",NCR,Marikina,marikina,"National Capital Region","99 Gen. Ordonez Street",NULL,14.6450116,121.1186843,9415339,NULL,NULL,tires,1,NULL,NULL,"2026-03-28 04:35:30","2026-03-28 04:35:30"
60,"Worldwide Paper Mills",PH,Philippines,"Metro Manila",NCR,Muntinlupa,muntinlupa,"National Capital Region","Sucat Rd., Muntinlupa",NULL,14.4538018,121.0453171,837-1039,NULL,NULL,paper,1,NULL,NULL,"2026-03-28 04:35:30","2026-03-28 04:35:30"
61,"Now Trading Concepts",PH,Philippines,"Metro Manila",NCR,Muntinlupa,muntinlupa,"National Capital Region","No. 32 RMT Industrial Complex, Tunasan",NULL,14.3892634,121.0449101,"8623390 / 8621258",NULL,NULL,plastic,1,NULL,NULL,"2026-03-28 04:35:30","2026-03-28 04:35:30"
62,"HMR Group of Companies",PH,Philippines,Laguna,NULL,"Santa Rosa",santa-rosa,CALABARZON,"Sta. Rosa, Laguna",NULL,14.3135306,121.1066441,520-85-46,NULL,NULL,electronics,1,NULL,NULL,"2026-03-28 04:35:30","2026-03-28 04:35:30"
63,"Asia Brewery Inc.",PH,Philippines,Laguna,NULL,Cabuyao,cabuyao,CALABARZON,"Km 43 National Highway, Bo. Sala",NULL,14.2639894,121.1193582,"8102701 / 8163421",NULL,NULL,glass,1,NULL,NULL,"2026-03-28 04:35:30","2026-03-28 04:35:30"
64,"Polytrader Plastic Products",PH,Philippines,Laguna,NULL,Cabuyao,cabuyao,CALABARZON,"South Point Subdivision, Brgy. Pulo",NULL,14.2795538,121.1235712,"5413062 / 09213763230 / 09797630797",ecopoly_05@yahoo.com,NULL,plastic,1,NULL,NULL,"2026-03-28 04:35:30","2026-03-28 04:35:30"
65,"San Miguel Yamamura Ball Corp.",PH,Philippines,Cavite,NULL,"General Trias",general-trias,CALABARZON,"Barangay San Francisco de Malabon",NULL,14.3836270,120.8786630,"4021065 / 4020272 / 7410021",NULL,NULL,metal,1,NULL,NULL,"2026-03-28 04:35:30","2026-03-28 04:35:30"
66,MIRDC-DOST,PH,Philippines,"Metro Manila",NCR,Taguig,taguig,"National Capital Region",Bicutan,NULL,14.5095273,121.0380244,"8370430 / 8387878",NULL,NULL,metal,1,NULL,NULL,"2026-03-28 04:35:30","2026-03-28 04:35:30"
67,"Reynolds Phils. Corporation",PH,Philippines,"Metro Manila",NCR,Taguig,taguig,"National Capital Region","2/F FENICS Bldg., FTI, Taguig",NULL,14.5270538,121.0744942,838-9071,NULL,NULL,metal,1,NULL,NULL,"2026-03-28 04:35:30","2026-03-28 04:35:30"
68,"Tetrapak Phils.",PH,Philippines,"Metro Manila",NCR,Taguig,taguig,"National Capital Region","7th Floor, Net One Center, 26th Street, Fort Bonifacio, Global City",NULL,14.5270538,121.0744942,"8181306 / 8844402 / 8181072",NULL,NULL,tetrapack,1,NULL,NULL,"2026-03-28 04:35:30","2026-03-28 04:35:30"
69,"Lucky Tableware Factory, Inc.",PH,Philippines,Cebu,NULL,"Cebu City",cebu-city,"Central Visayas",Guadalupe,NULL,10.3228797,123.8839389,2541341,NULL,NULL,glass,1,NULL,NULL,"2026-03-28 04:35:30","2026-03-28 04:35:30"
70,"Abrigo Enterprises",PH,Philippines,"Metro Manila",NCR,"Quezon City",quezon-city,"National Capital Region","Aurora Blvd., QC",NULL,14.6057303,121.0186455,NULL,NULL,NULL,paper,1,NULL,NULL,"2026-03-28 04:35:30","2026-03-28 04:35:30"
71,ACLEM,PH,Philippines,"Metro Manila",NCR,Manila,manila,"National Capital Region","3501 Juan Luna, Binondo, Manila",NULL,14.6009985,120.9728789,847-6324,NULL,NULL,paper,1,NULL,NULL,"2026-03-28 04:35:30","2026-03-28 04:35:30"
72,"Asia Paper Industrial Corp",PH,Philippines,"Metro Manila",NCR,"Quezon City",quezon-city,"National Capital Region","62 de Jesus St., Balintawak, QC",NULL,14.6510546,121.0486254,361-8151,NULL,NULL,paper,1,NULL,NULL,"2026-03-28 04:35:30","2026-03-28 04:35:30"
73,"Bataan Pulp & Paper Mills Inc",PH,Philippines,"Metro Manila",NCR,Makati,makati,"National Capital Region","2/F ACE Bldg., 101 Rada, Legaspi Village, Makati",NULL,14.5567949,121.0211226,NULL,NULL,NULL,paper,1,NULL,NULL,"2026-03-28 04:35:31","2026-03-28 04:35:31"
74,"Casan Paper Corp",PH,Philippines,"Metro Manila",NCR,"Quezon City",quezon-city,"National Capital Region","25 21st Ave., QC",NULL,14.6243885,121.0636954,NULL,NULL,NULL,paper,1,NULL,NULL,"2026-03-28 04:35:31","2026-03-28 04:35:31"
75,"Container Corp. of the Philippines",PH,Philippines,"Metro Manila",NCR,"Quezon City",quezon-city,"National Capital Region","60 Old Samson Rd., QC",NULL,14.6560249,121.0098280,361-9801,NULL,NULL,paper,1,NULL,NULL,"2026-03-28 04:35:31","2026-03-28 04:35:31"
76,"Don Box Industries",PH,Philippines,"Metro Manila",NCR,Parañaque,paranaque,"National Capital Region","BF Homes, Parañaque",NULL,14.4462789,121.0274109,842-5160,NULL,NULL,paper,1,NULL,NULL,"2026-03-28 04:35:31","2026-03-28 04:35:31"
77,"Embuscado Trading",PH,Philippines,"Metro Manila",NCR,"Quezon City",quezon-city,"National Capital Region","Mendez St., Baesa, QC",NULL,14.6643133,121.0158406,361-7113,NULL,NULL,paper,1,NULL,NULL,"2026-03-28 04:35:31","2026-03-28 04:35:31"
78,"Globe Paper Mills",PH,Philippines,"Metro Manila",NCR,Malabon,malabon,"National Capital Region","1000 Pascual Ave., Malabon",NULL,14.6698078,120.9471132,"361-2516 / 242-7321",NULL,NULL,sawdust,1,NULL,NULL,"2026-03-28 04:35:31","2026-03-28 04:35:31"
79,"Kimberly Clark Phils",PH,Philippines,"Metro Manila",NCR,Makati,makati,"National Capital Region","Buendia, Makati",NULL,14.5542118,121.0340531,808-0064,NULL,NULL,paper,1,NULL,NULL,"2026-03-28 04:35:31","2026-03-28 04:35:31"
80,"Liberty Mfg. Corp.",PH,Philippines,"Metro Manila",NCR,Malabon,malabon,"National Capital Region","40 Gov. Pascual, Malabon",NULL,14.6702827,120.9491285,361-2541,NULL,NULL,paper,1,NULL,NULL,"2026-03-28 04:35:31","2026-03-28 04:35:31"
81,"Los Angeles Trading",PH,Philippines,"Metro Manila",NCR,"Quezon City",quezon-city,"National Capital Region","41 Mendez, Baesa, QC",NULL,14.6643133,121.0158406,98-2728,NULL,NULL,paper,1,NULL,NULL,"2026-03-28 04:35:31","2026-03-28 04:35:31"
82,"Manila Paper Mills",PH,Philippines,"Metro Manila",NCR,"Quezon City",quezon-city,"National Capital Region","Sangandaan, QC",NULL,14.6740621,121.0205457,90-5159,NULL,NULL,paper,1,NULL,NULL,"2026-03-28 04:35:31","2026-03-28 04:35:31"
83,"MM Fed of Env MPC/Linis-Ganda",PH,Philippines,"Metro Manila",NCR,"Quezon City",quezon-city,"National Capital Region","123 N. Domingo St., Cubao QC",NULL,14.6140642,121.0395459,410-03-83,NULL,NULL,plastics,1,NULL,NULL,"2026-03-28 04:35:31","2026-03-28 04:35:31"
84,"Noah’s Paper Mills",PH,Philippines,"Metro Manila",NCR,Marikina,marikina,"National Capital Region","Marcos Hi-way, Marikina",NULL,14.6331084,121.0993541,645-5684,NULL,NULL,paper,1,NULL,NULL,"2026-03-28 04:35:31","2026-03-28 04:35:31"
85,"Paper City Corp. of the Philippines",PH,Philippines,"Metro Manila",NCR,Valenzuela,valenzuela,"National Capital Region","A. Mariano St., Valenzuela",NULL,14.7108706,121.0045936,241-0489,NULL,NULL,paper,1,NULL,NULL,"2026-03-28 04:35:31","2026-03-28 04:35:31"
86,"PICOP Resources, Inc.",PH,Philippines,"Metro Manila",NCR,Makati,makati,"National Capital Region","Picop Bldg., Makati",NULL,14.5567949,121.0211226,816-7170,NULL,NULL,paper,1,NULL,NULL,"2026-03-28 04:35:31","2026-03-28 04:35:31"
87,"Trans-National Paper Corp",PH,Philippines,"Metro Manila",NCR,Pasig,pasig,"National Capital Region","Jollibee Ctr, Pasig",NULL,14.5791341,121.0584147,633-4212,NULL,NULL,paper,1,NULL,NULL,"2026-03-28 04:35:31","2026-03-28 04:35:31"
88,"Trust International Paper Corp (TIPCO)",PH,Philippines,"Metro Manila",NCR,Makati,makati,"National Capital Region","6/F ACE Bldg., 101 Rada, Makati",NULL,14.5567949,121.0211226,892-9781,NULL,NULL,paper,1,NULL,NULL,"2026-03-28 04:35:31","2026-03-28 04:35:31"
89,"United Pulp & Paper Co Inc",PH,Philippines,"Metro Manila",NCR,Makati,makati,"National Capital Region","166 Salcedo, Makati",NULL,14.5581994,121.0155850,870-0100,NULL,NULL,paper,1,NULL,NULL,"2026-03-28 04:35:31","2026-03-28 04:35:31"
90,"Vanson Paper Industry Corp.",PH,Philippines,"Metro Manila",NCR,Valenzuela,valenzuela,"National Capital Region","152 R. Delfin St., Marulas, Valenzuela",NULL,14.6707841,120.9862383,231-6806,NULL,NULL,paper,1,NULL,NULL,"2026-03-28 04:35:31","2026-03-28 04:35:31"
91,"Adventure Mfg. Corp.",PH,Philippines,"Metro Manila",NCR,Valenzuela,valenzuela,"National Capital Region","77D Pablo, Valenzuela",NULL,14.6948004,120.9591673,292-0550,NULL,NULL,plastics,1,NULL,NULL,"2026-03-28 04:35:31","2026-03-28 04:35:31"
92,"Asia Plastics Industries Corp",PH,Philippines,"Metro Manila",NCR,Caloocan,caloocan,"National Capital Region","12E 8th cor 6th Ave, Caloocan",NULL,14.6513480,120.9724002,363-8832,NULL,NULL,plastics,1,NULL,NULL,"2026-03-28 04:35:31","2026-03-28 04:35:31"
93,"Aurora Cerrera",PH,Philippines,"Metro Manila",NCR,Malabon,malabon,"National Capital Region","1699 Orosa, Malabon",NULL,14.6578504,120.9511261,NULL,NULL,NULL,plastics,1,NULL,NULL,"2026-03-28 04:35:31","2026-03-28 04:35:31"
94,"Chemrez Inc.",PH,Philippines,"Metro Manila",NCR,"Quezon City",quezon-city,"National Capital Region","65 Industries, Bagumbayan, QC",NULL,14.6510546,121.0486254,635-0680,NULL,NULL,plastics,1,NULL,NULL,"2026-03-28 04:35:31","2026-03-28 04:35:31"
95,"Coca-Cola Bottlers Phils Inc.",PH,Philippines,"Metro Manila",NCR,Makati,makati,"National Capital Region","Herrera St., Makati",NULL,14.5584986,121.0189715,NULL,NULL,NULL,plastics,1,NULL,NULL,"2026-03-28 04:35:31","2026-03-28 04:35:31"
96,"Cunanan Enterprises",PH,Philippines,"Metro Manila",NCR,Malabon,malabon,"National Capital Region","93 Dona Victoria, Malabon",NULL,14.6732550,120.9708088,NULL,NULL,NULL,plastics,1,NULL,NULL,"2026-03-28 04:35:31","2026-03-28 04:35:31"
97,"Cunanan Plastic Recycling",PH,Philippines,"Metro Manila",NCR,Valenzuela,valenzuela,"National Capital Region","Rincon Road, Malinta, Valenzuela",NULL,14.6937036,120.9620344,NULL,NULL,NULL,plastics,1,NULL,NULL,"2026-03-28 04:35:31","2026-03-28 04:35:31"
98,"Daily Harvest Mercantile Ind. Inc.",PH,Philippines,"Metro Manila",NCR,Manila,manila,"National Capital Region","21 Railroad St., Port Area, Manila",NULL,14.5881186,120.9715447,527-4024,NULL,NULL,plastics,1,NULL,NULL,"2026-03-28 04:35:31","2026-03-28 04:35:31"
99,"DOW Chemical Pacific Ltd.",PH,Philippines,"Metro Manila",NCR,Makati,makati,"National Capital Region","23F 6750 Ayala Ave, Makati",NULL,14.5567949,121.0211226,819-1986,NULL,NULL,plastics,1,NULL,NULL,"2026-03-28 04:35:31","2026-03-28 04:35:31"
100,"Ever Fortune Thermoplas Corp",PH,Philippines,"Metro Manila",NCR,"Quezon City",quezon-city,"National Capital Region","42 Sto. Domingo St., QC",NULL,14.6510546,121.0486254,731-1291,NULL,NULL,plastics,1,NULL,NULL,"2026-03-28 04:35:31","2026-03-28 04:35:31"
101,"Fil PET Inc.",PH,Philippines,"Metro Manila",NCR,Malabon,malabon,"National Capital Region","Maysilo, Malabon",NULL,14.6790514,120.9627142,373-9797,NULL,NULL,plastics,1,NULL,NULL,"2026-03-28 04:35:31","2026-03-28 04:35:31"
102,"Golden River Plastic Industries Corp",PH,Philippines,"Metro Manila",NCR,Valenzuela,valenzuela,"National Capital Region","Daang Bato, Lawang Bato, Valenzuela",NULL,14.7282733,120.9872181,NULL,NULL,NULL,plastics,1,NULL,NULL,"2026-03-28 04:35:31","2026-03-28 04:35:31"
103,"Hopewell Poly Industry Corp",PH,Philippines,"Metro Manila",NCR,Valenzuela,valenzuela,"National Capital Region","101 Balumbaran St., Valenzuela",NULL,14.6916903,120.9694534,NULL,NULL,NULL,plastics,1,NULL,NULL,"2026-03-28 04:35:31","2026-03-28 04:35:31"
104,"Imperial Plastic Mfg Corp",PH,Philippines,"Metro Manila",NCR,"Quezon City",quezon-city,"National Capital Region","14 Tuayan, QC",NULL,14.6241686,121.0126444,712-2801,NULL,NULL,plastics,1,NULL,NULL,"2026-03-28 04:35:31","2026-03-28 04:35:31"
105,"Interpolymer Corp",PH,Philippines,"Metro Manila",NCR,Valenzuela,valenzuela,"National Capital Region","Malabo-Maysan, Valenzuela",NULL,14.7029644,120.9708165,292-4878,NULL,NULL,plastics,1,NULL,NULL,"2026-03-28 04:35:31","2026-03-28 04:35:31"
106,"Kilus Foundation",PH,Philippines,"Metro Manila",NCR,Pasig,pasig,"National Capital Region","Bgy Ugong, Pasig",NULL,14.5791093,121.0786482,641-34-99,NULL,NULL,plastics,1,NULL,NULL,"2026-03-28 04:35:31","2026-03-28 04:35:31"
107,"Marulas Industrial Corp",PH,Philippines,"Metro Manila",NCR,Valenzuela,valenzuela,"National Capital Region","141 McArthur Hi-way, Marulas, Valenzuela",NULL,14.6916903,120.9694534,291-8105,NULL,NULL,plastics,1,NULL,NULL,"2026-03-28 04:35:31","2026-03-28 04:35:31"
108,"Metro Polychem",PH,Philippines,"Metro Manila",NCR,"Quezon City",quezon-city,"National Capital Region","80 Mendrez Rd., Baesa, QC",NULL,14.6510546,121.0486254,NULL,NULL,NULL,plastics,1,NULL,NULL,"2026-03-28 04:35:31","2026-03-28 04:35:31"
109,"Multi PET",PH,Philippines,"Metro Manila",NCR,Valenzuela,valenzuela,"National Capital Region","1st Malinta Assn., Valenzuela",NULL,14.6916903,120.9694534,292-4011,NULL,NULL,plastics,1,NULL,NULL,"2026-03-28 04:35:31","2026-03-28 04:35:31"
110,"Pacific Plastic Corporation",PH,Philippines,"Metro Manila",NCR,Valenzuela,valenzuela,"National Capital Region","7 T Santiago, Valenzuela",NULL,14.7064053,120.9850962,292-7831,NULL,NULL,plastics,1,NULL,NULL,"2026-03-28 04:35:31","2026-03-28 04:35:31"
111,"Polysterene Packaging Council of the Phil",PH,Philippines,"Metro Manila",NCR,Manila,manila,"National Capital Region","9001 Victoria Bldg., UN Ave, Manila",NULL,14.5904492,120.9803621,526-0889,NULL,NULL,plastics,1,NULL,NULL,"2026-03-28 04:35:31","2026-03-28 04:35:31"
112,"PEMA Plastic Mfg Corp",PH,Philippines,"Metro Manila",NCR,"Quezon City",quezon-city,"National Capital Region","80 Mendez Road, Baesa, QC",NULL,14.6689678,121.0139262,363-4593,NULL,NULL,plastics,1,NULL,NULL,"2026-03-28 04:35:31","2026-03-28 04:35:31"
113,"Plastic City Corp",PH,Philippines,"Metro Manila",NCR,Valenzuela,valenzuela,"National Capital Region","7 T Santiago, Valenzuela",NULL,14.7064053,120.9850962,292-7831,NULL,NULL,plastics,1,NULL,NULL,"2026-03-28 04:35:31","2026-03-28 04:35:31"
114,"Polyhome Industry",PH,Philippines,"Metro Manila",NCR,Valenzuela,valenzuela,"National Capital Region","Francisco St. Maysan, Valenzuela",NULL,14.7008853,120.9809719,292-8111,NULL,NULL,plastics,1,NULL,NULL,"2026-03-28 04:35:31","2026-03-28 04:35:31"
115,"Recyplast Industries Corp",PH,Philippines,"Metro Manila",NCR,Valenzuela,valenzuela,"National Capital Region","Industrial, Karuhatan, Valenzuela",NULL,14.6866232,120.9689362,NULL,NULL,NULL,plastics,1,NULL,NULL,"2026-03-28 04:35:31","2026-03-28 04:35:31"
116,"Rowell Plastic",PH,Philippines,"Metro Manila",NCR,"Quezon City",quezon-city,"National Capital Region","8 Obrero St., Bagumbayan, QC",NULL,14.6078056,121.0843367,637-0987,NULL,NULL,plastics,1,NULL,NULL,"2026-03-28 04:35:31","2026-03-28 04:35:31"
117,"San Miguel Packaging Products",PH,Philippines,"Metro Manila",NCR,Makati,makati,"National Capital Region","109 C Palanca, Legaspi, Makati",NULL,14.5567949,121.0211226,813-8000,NULL,NULL,plastics,1,NULL,NULL,"2026-03-28 04:35:31","2026-03-28 04:35:31"
118,"Top Fine Plastic Mfg Inc",PH,Philippines,"Metro Manila",NCR,Valenzuela,valenzuela,"National Capital Region","184 Int. McArthur H, Marulas, Valenzuela",NULL,14.6916903,120.9694534,NULL,NULL,NULL,plastics,1,NULL,NULL,"2026-03-28 04:35:31","2026-03-28 04:35:31"
119,"United Vinyl Corp",PH,Philippines,"Metro Manila",NCR,Navotas,navotas,"National Capital Region","70 Escoda, S. Rafael Village, Navotas",NULL,14.6571862,120.9479692,NULL,NULL,NULL,plastics,1,NULL,NULL,"2026-03-28 04:35:31","2026-03-28 04:35:31"
120,"Valenzuela Pelletized Plastic Products Corp",PH,Philippines,"Metro Manila",NCR,Valenzuela,valenzuela,"National Capital Region","10 Isidro Francisco, Maysan Rd, Valenzuela",NULL,14.6916903,120.9694534,292-5024,NULL,NULL,plastics,1,NULL,NULL,"2026-03-28 04:35:31","2026-03-28 04:35:31"
121,"ZKK Foundation",PH,Philippines,"Metro Manila",NCR,Navotas,navotas,"National Capital Region","Dagat-dagatan, Navotas",NULL,14.6467859,120.9591410,NULL,NULL,NULL,plastics,1,NULL,NULL,"2026-03-28 04:35:31","2026-03-28 04:35:31"
122,"Alba Metal Mfg. Corporation",PH,Philippines,"Metro Manila",NCR,Valenzuela,valenzuela,"National Capital Region","M. Antonio St., Maysan, Valenzuela",NULL,14.6951958,120.9728101,NULL,NULL,NULL,metal,1,NULL,NULL,"2026-03-28 04:35:31","2026-03-28 04:35:31"
123,"Alliance Foundry Shop & Eng’g Inc.",PH,Philippines,"Metro Manila",NCR,Caloocan,caloocan,"National Capital Region","135 Teodoro cor 10th & 11th Ave., Caloocan",NULL,14.6513480,120.9724002,NULL,NULL,NULL,metal,1,NULL,NULL,"2026-03-28 04:35:31","2026-03-28 04:35:31"
124,"Allied Smelting and Metal Supply",PH,Philippines,"Metro Manila",NCR,Malabon,malabon,"National Capital Region","7 Atis Road, Malabon",NULL,14.6697651,120.9793637,361-3857,NULL,NULL,metal,1,NULL,NULL,"2026-03-28 04:35:31","2026-03-28 04:35:31"
125,"Amalgamated Iron Works",PH,Philippines,"Metro Manila",NCR,"Quezon City",quezon-city,"National Capital Region","97 Pablo dela Cruz St., S. Bartolome, QC",NULL,14.6510546,121.0486254,NULL,NULL,NULL,metal,1,NULL,NULL,"2026-03-28 04:35:31","2026-03-28 04:35:31"
126,"Art Foundry & Machine Shop",PH,Philippines,"Metro Manila",NCR,Valenzuela,valenzuela,"National Capital Region","59 Gen. Malvar cor Rizal St., Valenzuela",NULL,14.6916903,120.9694534,NULL,NULL,NULL,metal,1,NULL,NULL,"2026-03-28 04:35:31","2026-03-28 04:35:31"
127,"ASA Metal Product Inc",PH,Philippines,"Metro Manila",NCR,Valenzuela,valenzuela,"National Capital Region","707 Comp. Bagbaguin, Valenzuela",NULL,14.6916903,120.9694534,NULL,NULL,NULL,metal,1,NULL,NULL,"2026-03-28 04:35:31","2026-03-28 04:35:31"
128,"Ashland Phil. Corp",PH,Philippines,"Metro Manila",NCR,Valenzuela,valenzuela,"National Capital Region","16 P. Gregorio St., Lingunan, Valenzuela",NULL,14.7190083,120.9763077,NULL,NULL,NULL,metal,1,NULL,NULL,"2026-03-28 04:35:31","2026-03-28 04:35:31"
129,"Biosan Marketing",PH,Philippines,"Metro Manila",NCR,Manila,manila,"National Capital Region","3001 Abad Santos cor Morong, Manila",NULL,14.5904492,120.9803621,20-91-33,NULL,NULL,metal,1,NULL,NULL,"2026-03-28 04:35:31","2026-03-28 04:35:31"
130,"Cathay Pacific Steel Corp. City Foundry",PH,Philippines,"Metro Manila",NCR,Caloocan,caloocan,"National Capital Region","8th Ave., Grace Park, Caloocan",NULL,14.6487373,120.9844708,633-8033,NULL,NULL,metal,1,NULL,NULL,"2026-03-28 04:35:31","2026-03-28 04:35:31"
131,"Canumay Metal Craft",PH,Philippines,"Metro Manila",NCR,Valenzuela,valenzuela,"National Capital Region","6 Doneza, Canumay, Valenzuela",NULL,14.7110863,120.9797125,NULL,NULL,NULL,metal,1,NULL,NULL,"2026-03-28 04:35:31","2026-03-28 04:35:31"
132,"Globe Aluminum Products",PH,Philippines,"Metro Manila",NCR,Valenzuela,valenzuela,"National Capital Region","100 Malinis, Lawang Bato, Valenzuela",NULL,14.7267671,120.9933237,NULL,NULL,NULL,metal,1,NULL,NULL,"2026-03-28 04:35:31","2026-03-28 04:35:31"
133,"Goodwill Metal Enterprises",PH,Philippines,"Metro Manila",NCR,Caloocan,caloocan,"National Capital Region","225 Gen Luis, Kaybiga, Caloocan",NULL,14.7195512,121.0117020,90-42-76,NULL,NULL,metal,1,NULL,NULL,"2026-03-28 04:35:31","2026-03-28 04:35:31"
134,"Hilton Mfg Corporation",PH,Philippines,"Metro Manila",NCR,Valenzuela,valenzuela,"National Capital Region","648 T. Santiago St., Lingunan, Valenzuela",NULL,14.7159000,120.9795728,292-8134,NULL,NULL,metal,1,NULL,NULL,"2026-03-28 04:35:31","2026-03-28 04:35:31"
135,"Hycaros Enterprises",PH,Philippines,"Metro Manila",NCR,Valenzuela,valenzuela,"National Capital Region","130 Rincon Road, Malinta, Valenzuela",NULL,14.6937036,120.9620344,NULL,NULL,NULL,metal,1,NULL,NULL,"2026-03-28 04:35:31","2026-03-28 04:35:31"
136,"Kim Bee Factory",PH,Philippines,"Metro Manila",NCR,Caloocan,caloocan,"National Capital Region","9th Ave., Caloocan",NULL,14.6503172,120.9786701,NULL,NULL,NULL,metal,1,NULL,NULL,"2026-03-28 04:35:31","2026-03-28 04:35:31"
137,"Limbos Industrial Corporation",PH,Philippines,"Metro Manila",NCR,Valenzuela,valenzuela,"National Capital Region","269 Tangke St., Malinta, Valenzuela",NULL,14.6876876,120.9654133,NULL,NULL,NULL,metal,1,NULL,NULL,"2026-03-28 04:35:31","2026-03-28 04:35:31"
138,"Malinta Metal Works",PH,Philippines,"Metro Manila",NCR,Valenzuela,valenzuela,"National Capital Region","37 Rincon St., Malinta, Valenzuela",NULL,14.6916903,120.9694534,293-2978,NULL,NULL,metal,1,NULL,NULL,"2026-03-28 04:35:31","2026-03-28 04:35:31"
139,"Metal Wealth",PH,Philippines,"Metro Manila",NCR,"Quezon City",quezon-city,"National Capital Region","37 Gen Luis, Novaliches, QC",NULL,14.7218693,121.0356406,NULL,NULL,NULL,metal,1,NULL,NULL,"2026-03-28 04:35:31","2026-03-28 04:35:31"
140,"MM Fed of Envl MPC/Linis-Ganda",PH,Philippines,"Metro Manila",NCR,"Quezon City",quezon-city,"National Capital Region","123-b N. Domingo St., QC",NULL,14.6178894,121.0448296,NULL,NULL,NULL,metal,1,NULL,NULL,"2026-03-28 04:35:31","2026-03-28 04:35:31"
141,MRDC-DOST,PH,Philippines,"Metro Manila",NCR,Taguig,taguig,"National Capital Region","Bicutan, Taguig",NULL,14.5095273,121.0380244,NULL,NULL,NULL,metal,1,NULL,NULL,"2026-03-28 04:35:31","2026-03-28 04:35:31"
142,"Quality Metal Mfg. Inc",PH,Philippines,"Metro Manila",NCR,Valenzuela,valenzuela,"National Capital Region","28 Rincon St., Malinta, Valenzuela",NULL,14.6916903,120.9694534,NULL,NULL,NULL,metal,1,NULL,NULL,"2026-03-28 04:35:31","2026-03-28 04:35:31"
143,"Swan Aluminum & Allied Products",PH,Philippines,"Metro Manila",NCR,Mandaluyong,mandaluyong,"National Capital Region","14 Arayat, Mandaluyong",NULL,14.5773156,121.0449709,NULL,NULL,NULL,metal,1,NULL,NULL,"2026-03-28 04:35:31","2026-03-28 04:35:31"
144,"Valenzuela Foundry and MachineShop",PH,Philippines,"Metro Manila",NCR,Valenzuela,valenzuela,"National Capital Region","118 Maysan Rd., Maysan, Valenzuela",NULL,14.6950451,120.9704502,NULL,NULL,NULL,metal,1,NULL,NULL,"2026-03-28 04:35:31","2026-03-28 04:35:31"
145,"Westmar Industrial Corp",PH,Philippines,"Metro Manila",NCR,Valenzuela,valenzuela,"National Capital Region","ITC Compound, Babaguin, Valenzuela",NULL,14.6916903,120.9694534,NULL,NULL,NULL,metal,1,NULL,NULL,"2026-03-28 04:35:31","2026-03-28 04:35:31"
146,"ZKK Dagat-Dagatan",PH,Philippines,"Metro Manila",NCR,Navotas,navotas,"National Capital Region","Dagat-Dagatan, Navotas",NULL,14.6467859,120.9591410,NULL,NULL,NULL,metal,1,NULL,NULL,"2026-03-28 04:35:31","2026-03-28 04:35:31"
147,"Bubog/Basag na Bote",PH,Philippines,"Metro Manila",NCR,Mandaluyong,mandaluyong,"National Capital Region","270 Malapantas, Barangka Itaas, Mandaluyong",NULL,14.5774392,121.0338973,NULL,NULL,NULL,glass,1,NULL,NULL,"2026-03-28 04:35:31","2026-03-28 04:35:31"
148,"MM Fed of Env’l MPC/Linis-Ganda",PH,Philippines,"Metro Manila",NCR,"Quezon City",quezon-city,"National Capital Region","123 N. Domingo St., QC",NULL,14.6120586,121.0366758,410-03-83,NULL,NULL,glass,1,NULL,NULL,"2026-03-28 04:35:31","2026-03-28 04:35:31"
149,"Republic-Asahi Glass Corporation",PH,Philippines,"Metro Manila",NCR,Pasig,pasig,"National Capital Region","Pinagbuhatan, Pasig",NULL,14.5572974,121.0909923,641-9181,NULL,NULL,glass,1,NULL,NULL,"2026-03-28 04:35:31","2026-03-28 04:35:31"
150,"San Miguel Corporation",PH,Philippines,"Metro Manila",NCR,Manila,manila,"National Capital Region","Parola, Binondo, Manila",NULL,14.5855659,121.0054366,40-89-21,NULL,NULL,glass,1,NULL,NULL,"2026-03-28 04:35:31","2026-03-28 04:35:31"
151,"Constant Battery",PH,Philippines,"Metro Manila",NCR,Valenzuela,valenzuela,"National Capital Region","Pasolo, Valenzuela",NULL,14.7068759,120.9531590,292-27-73,NULL,NULL,battery,1,NULL,NULL,"2026-03-28 04:35:31","2026-03-28 04:35:31"
152,"Honest Parts",PH,Philippines,"Metro Manila",NCR,Parañaque,paranaque,"National Capital Region","2579 16th St., Tambo, Parañaque",NULL,14.5221050,120.9977748,NULL,NULL,NULL,battery,1,NULL,NULL,"2026-03-28 04:35:31","2026-03-28 04:35:31"
153,"SJ and L Marketing Corp",PH,Philippines,"Metro Manila",NCR,"Pasay City",pasay-city,"National Capital Region","2205 Aurora Blvd, Pasay City",NULL,14.5288147,121.0048828,833-93-92,NULL,NULL,battery,1,NULL,NULL,"2026-03-28 04:35:31","2026-03-28 04:35:31"
154,"Applied Info Tech Inc.",PH,Philippines,"Metro Manila",NCR,"Quezon City",quezon-city,"National Capital Region","87-C Scout Dequia, QC",NULL,14.6510546,121.0486254,NULL,NULL,NULL,cartridge,1,NULL,NULL,"2026-03-28 04:35:31","2026-03-28 04:35:31"
155,"Laser Source",PH,Philippines,"Metro Manila",NCR,Caloocan,caloocan,"National Capital Region","236 Samson Rd, 1400 Caloocan",NULL,14.6571047,120.9829875,NULL,NULL,NULL,cartridge,1,NULL,NULL,"2026-03-28 04:35:31","2026-03-28 04:35:31"
156,"Manila Techtrade Ventures",PH,Philippines,"Metro Manila",NCR,"Quezon City",quezon-city,"National Capital Region","3F 122 West Ave, QC",NULL,14.6510546,121.0486254,NULL,NULL,NULL,cartridge,1,NULL,NULL,"2026-03-28 04:35:31","2026-03-28 04:35:31"
157,"Purruganan Industries",PH,Philippines,"Metro Manila",NCR,Valenzuela,valenzuela,"National Capital Region","Victoria Village, East Canumay, Valenzuela",NULL,14.7124307,120.9924848,NULL,NULL,NULL,"scrap bar detergents",1,NULL,NULL,"2026-03-28 04:35:31","2026-03-28 04:35:31"
158,"Agreso Minerals Corp",PH,Philippines,"Metro Manila",NCR,Valenzuela,valenzuela,"National Capital Region","So. Malinis, Lawang Bato, Valenzuela",NULL,14.7267671,120.9933237,NULL,NULL,NULL,"scrap marble chips",1,NULL,NULL,"2026-03-28 04:35:31","2026-03-28 04:35:31"
